location,Ent,dem,Valor,dem_g,Bov,Type
c1,1principal,100Kr,18496.251992099144,100K,B,B1
c1,1principal,100Kr,632.7367816478633,100K,B,B2
c1,1principal,100Kr,3740186.208418226,100K,B,B3
c1,1principal,100Kr,208520.66616627347,100K,B,B4
c1,1principal,100Kr,18496.251992099144,100K,B,B5
c1,1principal,100Kr,632.7367816478633,100K,B,B6
c1,1principal,100Kr,3740186.208418226,100K,B,B7
c1,1principal,10K,269568.46672419144,10K,B,B1
c1,1principal,10K,4180842.1813515583,10K,B,B2
c1,1principal,10K,6101650.268496858,10K,B,B3
c1,1principal,10K,11817907.342614662,10K,B,B4
c1,1principal,10K,269568.46672419144,10K,B,B5
c1,1principal,10K,4180842.1813515583,10K,B,B6
c1,1principal,10K,6101650.268496858,10K,B,B7
c1,1principal,10Kv,802.2198481606837,10K,B,B1
c1,1principal,10Kv,16440117.325778909,10K,B,B3
c1,1principal,10Kv,6695123.473069251,10K,B,B4
c1,1principal,10Kv,802.2198481606837,10K,B,B5
c1,1principal,10Kv,16440117.325778909,10K,B,B7
c1,1principal,1Knf,1095.990496782906,1K,B,B1
c1,1principal,1Knf,11558.745136174359,1K,B,B2
c1,1principal,1Knf,13852675.843683183,1K,B,B3
c1,1principal,1Knf,15694968.075548643,1K,B,B4
c1,1principal,1Knf,1095.990496782906,1K,B,B5
c1,1principal,1Knf,11558.745136174359,1K,B,B6
c1,1principal,1Knf,13852675.843683183,1K,B,B7
c1,1principal,20K,115135.4965177094,20K,B,B1
c1,1principal,20K,1096250.3708182257,20K,B,B2
c1,1principal,20K,5812082.799924153,20K,B,B4
c1,1principal,20K,115135.4965177094,20K,B,B5
c1,1principal,20K,1096250.3708182257,20K,B,B6
c1,1principal,20kt,7988.301868304274,20K,B,B1
c1,1principal,20kt,463513.5891703624,20K,B,B2
c1,1principal,20kt,12056155.338647285,20K,B,B3
c1,1principal,20kt,15239036.028886953,20K,B,B4
c1,1principal,20kt,7988.301868304274,20K,B,B5
c1,1principal,20kt,463513.5891703624,20K,B,B6
c1,1principal,20kt,12056155.338647285,20K,B,B7
c1,1principal,2Knf,2244916.204673316,2K,B,B1
c1,1principal,2Knf,6971663.34326267,2K,B,B2
c1,1principal,2Knf,51765857.04066352,2K,B,B4
c1,1principal,2Knf,2244916.204673316,2K,B,B5
c1,1principal,2Knf,6971663.34326267,2K,B,B6
c1,1principal,2Kz,1321.9679187999998,2K,B,B1
c1,1principal,2Kz,113248.58504386667,2K,B,B2
c1,1principal,2Kz,25241937.91334472,2K,B,B3
c1,1principal,2Kz,19450667.63398834,2K,B,B4
c1,1principal,2Kz,1321.9679187999998,2K,B,B5
c1,1principal,2Kz,113248.58504386667,2K,B,B6
c1,1principal,2Kz,25241937.91334472,2K,B,B7
c1,1principal,50Ks,6067.493781158974,50K,B,B1
c1,1principal,50Ks,745985.3666917299,50K,B,B2
c1,1principal,50Ks,33377125.105960105,50K,B,B3
c1,1principal,50Ks,225299.4897510427,50K,B,B4
c1,1principal,50Ks,6067.493781158974,50K,B,B5
c1,1principal,50Ks,745985.3666917299,50K,B,B6
c1,1principal,50Ks,33377125.105960105,50K,B,B7
c1,1principal,50Kt,11673439.976719132,50K,B,B1
c1,1principal,50Kt,9672093.536366943,50K,B,B2
c1,1principal,50Kt,31942993.293741923,50K,B,B4
c1,1principal,50Kt,11673439.976719132,50K,B,B5
c1,1principal,50Kt,9672093.536366943,50K,B,B6
c1,1principal,5K,692451.3154158803,5K,B,B1
c1,1principal,5K,316628.26485925127,5K,B,B2
c1,1principal,5K,3367323.46209002,5K,B,B3
c1,1principal,5K,17422011.822185386,5K,B,B4
c1,1principal,5K,692451.3154158803,5K,B,B5
c1,1principal,5K,316628.26485925127,5K,B,B6
c1,1principal,5K,3367323.46209002,5K,B,B7
c1,1principal,5Ky,1785.2216339350425,5K,B,B1
c1,1principal,5Ky,486111.33137207176,5K,B,B2
c1,1principal,5Ky,23027359.177577198,5K,B,B3
c1,1principal,5Ky,4783286.68957803,5K,B,B4
c1,1principal,5Ky,1785.2216339350425,5K,B,B5
c1,1principal,5Ky,486111.33137207176,5K,B,B6
c1,1principal,5Ky,23027359.177577198,5K,B,B7
c10,2empresa,100Kr,8745.326232061538,100K,CF,B4
c10,2empresa,10K,11683.032718283761,10K,CF,B4
c10,2empresa,10Kv,211548.76362130258,10K,CF,B1
c10,2empresa,10Kv,211548.76362130258,10K,CF,B5
c10,2empresa,1Knf,141879.92441343248,1K,CF,B1
c10,2empresa,1Knf,7999.600739405128,1K,CF,B4
c10,2empresa,1Knf,141879.92441343248,1K,CF,B5
c10,2empresa,20K,40427.36079885811,20K,CF,B4
c10,2empresa,20kt,235287.69180419826,20K,CF,B1
c10,2empresa,20kt,10428.858026088888,20K,CF,B4
c10,2empresa,20kt,235287.69180419826,20K,CF,B5
c10,2empresa,2Knf,1073.3927545811964,2K,CF,B1
c10,2empresa,2Knf,11423.158682964102,2K,CF,B4
c10,2empresa,2Knf,1073.3927545811964,2K,CF,B5
c10,2empresa,2Kz,1382676.753224892,2K,CF,B1
c10,2empresa,2Kz,1382676.753224892,2K,CF,B5
c10,2empresa,50Ks,553.6446839418803,50K,CF,B1
c10,2empresa,50Ks,5909.309585747008,50K,CF,B4
c10,2empresa,50Ks,553.6446839418803,50K,CF,B5
c10,2empresa,50Kt,226237.29605241367,50K,CF,B1
c10,2empresa,50Kt,96379.37049029059,50K,CF,B4
c10,2empresa,50Kt,226237.29605241367,50K,CF,B5
c10,2empresa,5K,405697.2657472888,5K,CF,B1
c10,2empresa,5K,12993.701765982905,5K,CF,B4
c10,2empresa,5K,405697.2657472888,5K,CF,B5
c10,2empresa,5Ky,1389.7611454051282,5K,CF,B4
c10,3empresa,100Kr,10485.352381593162,100K,CF,B4
c10,3empresa,10K,22925.409463634187,10K,CF,B4
c10,3empresa,10Kv,260133.90935497775,10K,CF,B1
c10,3empresa,10Kv,260133.90935497775,10K,CF,B5
c10,3empresa,1Knf,106695.23980537092,1K,CF,B1
c10,3empresa,1Knf,5366.963772905982,1K,CF,B4
c10,3empresa,1Knf,106695.23980537092,1K,CF,B5
c10,3empresa,20K,49692.43510155897,20K,CF,B4
c10,3empresa,20kt,248835.03825412306,20K,CF,B1
c10,3empresa,20kt,2519.648255490598,20K,CF,B4
c10,3empresa,20kt,248835.03825412306,20K,CF,B5
c10,3empresa,2Knf,915.2085591692307,2K,CF,B1
c10,3empresa,2Knf,1084.6916256820512,2K,CF,B4
c10,3empresa,2Knf,915.2085591692307,2K,CF,B5
c10,3empresa,2Kz,4024352.816604721,2K,CF,B1
c10,3empresa,2Kz,4024352.816604721,2K,CF,B5
c10,3empresa,50Ks,203639.55385070428,50K,CF,B1
c10,3empresa,50Ks,203639.55385070428,50K,CF,B5
c10,3empresa,50Kt,199967.4207429265,50K,CF,B4
c10,3empresa,5K,901954.9833679281,5K,CF,B1
c10,3empresa,5K,1152.4848522871796,5K,CF,B4
c10,3empresa,5K,901954.9833679281,5K,CF,B5
c10,3empresa,5Ky,4553.445053644444,5K,CF,B1
c10,3empresa,5Ky,4553.445053644444,5K,CF,B5
c10,5empresa,100Kr,1536.6464697162392,100K,CF,B4
c10,5empresa,10K,17716.62988614017,10K,CF,B4
c10,5empresa,10Kv,222847.63472215727,10K,CF,B1
c10,5empresa,10Kv,222847.63472215727,10K,CF,B5
c10,5empresa,1Knf,113248.58504386667,1K,CF,B1
c10,5empresa,1Knf,9717.029146735042,1K,CF,B4
c10,5empresa,1Knf,113248.58504386667,1K,CF,B5
c10,5empresa,20K,31060.59665624957,20K,CF,B4
c10,5empresa,20kt,226237.29605241367,20K,CF,B1
c10,5empresa,20kt,226237.29605241367,20K,CF,B5
c10,5empresa,2Knf,8835.717200868376,2K,CF,B4
c10,5empresa,2Kz,717738.188939593,2K,CF,B1
c10,5empresa,2Kz,717738.188939593,2K,CF,B5
c10,5empresa,50Ks,223977.52183224272,50K,CF,B1
c10,5empresa,50Ks,10926.008354526495,50K,CF,B4
c10,5empresa,50Ks,223977.52183224272,50K,CF,B5
c10,5empresa,50Kt,122389.37176445812,50K,CF,B4
c10,5empresa,5K,595710.3810503624,5K,CF,B1
c10,5empresa,5K,6191.781363268376,5K,CF,B4
c10,5empresa,5K,595710.3810503624,5K,CF,B5
c11,1principal,100Kr,144354.37718451963,100K,B,B1
c11,1principal,100Kr,124547.45614472136,100K,B,B2
c11,1principal,100Kr,15197241.504684892,100K,B,B3
c11,1principal,100Kr,28360.1664631453,100K,B,B4
c11,1principal,100Kr,144354.37718451963,100K,B,B5
c11,1principal,100Kr,124547.45614472136,100K,B,B6
c11,1principal,100Kr,15197241.504684892,100K,B,B7
c11,1principal,10K,3389.6613302564106,10K,B,B1
c11,1principal,10K,5875672.846479764,10K,B,B2
c11,1principal,10K,36224440.62337549,10K,B,B3
c11,1principal,10K,14421189.841993786,10K,B,B4
c11,1principal,10K,3389.6613302564106,10K,B,B5
c11,1principal,10K,5875672.846479764,10K,B,B6
c11,1principal,10K,36224440.62337549,10K,B,B7
c11,1principal,10Kv,12948.506281579488,10K,B,B1
c11,1principal,10Kv,1017158.2731122427,10K,B,B2
c11,1principal,10Kv,18123649.11980626,10K,B,B3
c11,1principal,10Kv,20203319.334629577,10K,B,B4
c11,1principal,10Kv,12948.506281579488,10K,B,B5
c11,1principal,10Kv,1017158.2731122427,10K,B,B6
c11,1principal,10Kv,18123649.11980626,10K,B,B7
c11,1principal,1Knf,3468.7534279623924,1K,B,B1
c11,1principal,1Knf,2361723.934113952,1K,B,B2
c11,1principal,1Knf,5649695.4244626695,1K,B,B3
c11,1principal,1Knf,31195256.60202956,1K,B,B4
c11,1principal,1Knf,3468.7534279623924,1K,B,B5
c11,1principal,1Knf,2361723.934113952,1K,B,B6
c11,1principal,1Knf,5649695.4244626695,1K,B,B7
c11,1principal,20K,15075089.40921355,20K,B,B1
c11,1principal,20K,5570603.326756687,20K,B,B2
c11,1principal,20K,7751726.105194578,20K,B,B4
c11,1principal,20K,15075089.40921355,20K,B,B5
c11,1principal,20K,5570603.326756687,20K,B,B6
c11,1principal,20kt,2410568.953882947,20K,B,B1
c11,1principal,20kt,497410.20247292647,20K,B,B2
c11,1principal,20kt,33072055.58623703,20K,B,B3
c11,1principal,20kt,49340746.43967377,20K,B,B4
c11,1principal,20kt,2410568.953882947,20K,B,B5
c11,1principal,20kt,497410.20247292647,20K,B,B6
c11,1principal,20kt,33072055.58623703,20K,B,B7
c11,1principal,2Knf,1378.4622743042733,2K,B,B1
c11,1principal,2Knf,2418218.2896182253,2K,B,B2
c11,1principal,2Knf,96616782.36986175,2K,B,B4
c11,1principal,2Knf,1378.4622743042733,2K,B,B5
c11,1principal,2Knf,2418218.2896182253,2K,B,B6
c11,1principal,2Kz,17426599.16385233,2K,B,B1
c11,1principal,2Kz,2870173.1336524133,2K,B,B2
c11,1principal,2Kz,11299130.97489002,2K,B,B3
c11,1principal,2Kz,79954043.3867827,2K,B,B4
c11,1principal,2Kz,17426599.16385233,2K,B,B5
c11,1principal,2Kz,2870173.1336524133,2K,B,B6
c11,1principal,2Kz,11299130.97489002,2K,B,B7
c11,1principal,50Ks,3886.811658694017,50K,B,B1
c11,1principal,50Ks,350524.87816181534,50K,B,B2
c11,1principal,50Ks,83306836.50063702,50K,B,B3
c11,1principal,50Ks,18298600.839931894,50K,B,B4
c11,1principal,50Ks,3886.811658694017,50K,B,B5
c11,1principal,50Ks,350524.87816181534,50K,B,B6
c11,1principal,50Ks,83306836.50063702,50K,B,B7
c11,1principal,50Kt,75898268.40964651,50K,B,B1
c11,1principal,50Kt,3694990.7240148066,50K,B,B2
c11,1principal,50Kt,57787466.10628192,50K,B,B4
c11,1principal,50Kt,75898268.40964651,50K,B,B5
c11,1principal,50Kt,3694990.7240148066,50K,B,B6
c11,1principal,5K,21603.44154483419,5K,B,B1
c11,1principal,5K,1683791.6680626702,5K,B,B2
c11,1principal,5K,18134947.990907114,5K,B,B3
c11,1principal,5K,55038823.63019029,5K,B,B4
c11,1principal,5K,21603.44154483419,5K,B,B5
c11,1principal,5K,1683791.6680626702,5K,B,B6
c11,1principal,5K,18134947.990907114,5K,B,B7
c11,1principal,5Ky,10803698.074859742,5K,B,B1
c11,1principal,5Ky,1322227.7928353196,5K,B,B2
c11,1principal,5Ky,5649695.4244626695,5K,B,B3
c11,1principal,5Ky,38540630.106952995,5K,B,B4
c11,1principal,5Ky,10803698.074859742,5K,B,B5
c11,1principal,5Ky,1322227.7928353196,5K,B,B6
c11,1principal,5Ky,5649695.4244626695,5K,B,B7
c11,2empresa,100Kr,6621.138465100855,100K,C,B4
c11,2empresa,10K,30766.82600762735,10K,C,B4
c11,2empresa,10Kv,187403.07607877607,10K,C,B4
c11,2empresa,1Knf,31761.12666450256,1K,C,B4
c11,2empresa,20K,96300.27839258462,20K,C,B4
c11,2empresa,20kt,179154.9001751521,20K,C,B4
c11,2empresa,2Knf,74323.97410142222,2K,C,B4
c11,2empresa,2Kz,4499300.863329149,2K,C,B1
c11,2empresa,2Kz,69182.98775053333,2K,C,B4
c11,2empresa,2Kz,4499300.863329149,2K,C,B5
c11,2empresa,50Ks,98051.60341321709,50K,C,B4
c11,2empresa,50Kt,85001.4072917299,50K,C,B4
c11,2empresa,5K,475942.3473813025,5K,C,B1
c11,2empresa,5K,15886.21276780171,5K,C,B4
c11,2empresa,5K,475942.3473813025,5K,C,B5
c11,2empresa,5Ky,1416166.6071678256,5K,C,B1
c11,2empresa,5Ky,9298.970916003418,5K,C,B4
c11,2empresa,5Ky,1416166.6071678256,5K,C,B5
c11,3empresa,100Kr,48234.88072954872,100K,C,B4
c11,3empresa,10K,29241.478409011965,10K,C,B4
c11,3empresa,1Knf,10281.972701777779,1K,C,B1
c11,3empresa,1Knf,8406.360099035895,1K,C,B4
c11,3empresa,1Knf,10281.972701777779,1K,C,B5
c11,3empresa,20K,107181.09126270769,20K,C,B4
c11,3empresa,2Knf,408329.90271378803,2K,C,B4
c11,3empresa,2Kz,4407407.144665897,2K,C,B1
c11,3empresa,2Kz,4407407.144665897,2K,C,B5
c11,3empresa,50Kt,341101.6196637025,50K,C,B4
c11,3empresa,5K,500347.9089591487,5K,C,B1
c11,3empresa,5K,166624.45212430428,5K,C,B4
c11,3empresa,5K,500347.9089591487,5K,C,B5
c11,3empresa,5Ky,1587570.4817677913,5K,C,B1
c11,3empresa,5Ky,1587570.4817677913,5K,C,B5
c11,4empresa,50Ks,2971.603099524786,50K,C,B4
c11,4empresa,50Kt,195956.32150212306,50K,C,B4
c12,1principal,100Kr,160658.648183053,100K,B,B1
c12,1principal,100Kr,83871.52018164443,100K,B,B2
c12,1principal,100Kr,2553804.742828482,100K,B,B3
c12,1principal,100Kr,5909.309585747008,100K,B,B4
c12,1principal,100Kr,160658.648183053,100K,B,B5
c12,1principal,100Kr,83871.52018164443,100K,B,B6
c12,1principal,100Kr,2553804.742828482,100K,B,B7
c12,1principal,10K,719105.3523427965,10K,B,B1
c12,1principal,10K,207029.21518096066,10K,B,B2
c12,1principal,10K,2813678.77814814,10K,B,B3
c12,1principal,10K,5284741.887905063,10K,B,B4
c12,1principal,10K,719105.3523427965,10K,B,B5
c12,1principal,10K,207029.21518096066,10K,B,B6
c12,1principal,10K,2813678.77814814,10K,B,B7
c12,1principal,10Kv,1754194.9338920957,10K,B,B1
c12,1principal,10Kv,193470.56985993503,10K,B,B2
c12,1principal,10Kv,4067853.4703430114,10K,B,B3
c12,1principal,10Kv,2261163.9813163453,10K,B,B4
c12,1principal,10Kv,1754194.9338920957,10K,B,B5
c12,1principal,10Kv,193470.56985993503,10K,B,B6
c12,1principal,10Kv,4067853.4703430114,10K,B,B7
c12,1principal,1Knf,7864.014286194871,1K,B,B1
c12,1principal,1Knf,90650.84284215726,1K,B,B2
c12,1principal,1Knf,6959234.585051729,1K,B,B4
c12,1principal,1Knf,7864.014286194871,1K,B,B5
c12,1principal,1Knf,90650.84284215726,1K,B,B6
c12,1principal,20K,13592.541934328205,20K,B,B1
c12,1principal,20K,204769.44096078974,20K,B,B2
c12,1principal,20K,2698430.292919422,20K,B,B4
c12,1principal,20K,13592.541934328205,20K,B,B5
c12,1principal,20K,204769.44096078974,20K,B,B6
c12,1principal,20kt,280867.33782504615,20K,B,B1
c12,1principal,20kt,125677.34325480682,20K,B,B2
c12,1principal,20kt,5999960.428589165,20K,B,B3
c12,1principal,20kt,12285522.421994634,20K,B,B4
c12,1principal,20kt,280867.33782504615,20K,B,B5
c12,1principal,20kt,125677.34325480682,20K,B,B6
c12,1principal,20kt,5999960.428589165,20K,B,B7
c12,1principal,2Knf,813.5187192615384,2K,B,B1
c12,1principal,2Knf,1417138.310082499,2K,B,B2
c12,1principal,2Knf,19452396.36126677,2K,B,B4
c12,1principal,2Knf,813.5187192615384,2K,B,B5
c12,1principal,2Knf,1417138.310082499,2K,B,B6
c12,1principal,2Kz,10556241.498879924,2K,B,B1
c12,1principal,2Kz,9782822.473155318,2K,B,B2
c12,1principal,2Kz,6779582.534548139,2K,B,B3
c12,1principal,2Kz,29588613.62584352,2K,B,B4
c12,1principal,2Kz,10556241.498879924,2K,B,B5
c12,1principal,2Kz,9782822.473155318,2K,B,B6
c12,1principal,2Kz,6779582.534548139,2K,B,B7
c12,1principal,50Ks,12575.643535251282,50K,B,B1
c12,1principal,50Ks,124547.45614472136,50K,B,B2
c12,1principal,50Ks,27569505.36012079,50K,B,B3
c12,1principal,50Ks,2436307.7822506935,50K,B,B4
c12,1principal,50Ks,12575.643535251282,50K,B,B5
c12,1principal,50Ks,124547.45614472136,50K,B,B6
c12,1principal,50Ks,27569505.36012079,50K,B,B7
c12,1principal,50Kt,5725183.18228748,50K,B,B1
c12,1principal,50Kt,5962674.153956344,50K,B,B2
c12,1principal,50Kt,4366143.6674055755,50K,B,B4
c12,1principal,50Kt,5725183.18228748,50K,B,B5
c12,1principal,50Kt,5962674.153956344,50K,B,B6
c12,1principal,5K,1786713.0849203554,5K,B,B1
c12,1principal,5K,66923.2135303624,5K,B,B2
c12,1principal,5K,10470923.72319737,5K,B,B4
c12,1principal,5K,1786713.0849203554,5K,B,B5
c12,1principal,5K,66923.2135303624,5K,B,B6
c12,1principal,5Ky,6689417.543163318,5K,B,B1
c12,1principal,5Ky,1470243.0042565162,5K,B,B2
c12,1principal,5Ky,227367.18316249913,5K,B,B4
c12,1principal,5Ky,6689417.543163318,5K,B,B5
c12,1principal,5Ky,1470243.0042565162,5K,B,B6
c13,2empresa,100Kr,3061.9940683316236,100K,CF,B4
c13,2empresa,10K,10553.145608198289,10K,CF,B4
c13,2empresa,10Kv,226237.29605241367,10K,CF,B1
c13,2empresa,10Kv,8169.083805917949,10K,CF,B4
c13,2empresa,10Kv,226237.29605241367,10K,CF,B5
c13,2empresa,1Knf,107599.1494934393,1K,CF,B1
c13,2empresa,1Knf,5773.723132536752,1K,CF,B4
c13,2empresa,1Knf,107599.1494934393,1K,CF,B5
c13,2empresa,20K,12971.104023781196,20K,CF,B4
c13,2empresa,20kt,226237.29605241367,20K,CF,B1
c13,2empresa,20kt,226237.29605241367,20K,CF,B5
c13,2empresa,2Knf,8756.625103162392,2K,CF,B4
c13,2empresa,2Kz,22857.616237029062,2K,CF,B1
c13,2empresa,2Kz,22857.616237029062,2K,CF,B5
c13,2empresa,50Ks,3649.535365576068,50K,CF,B1
c13,2empresa,50Ks,5909.309585747008,50K,CF,B4
c13,2empresa,50Ks,3649.535365576068,50K,CF,B5
c13,2empresa,50Kt,226237.29605241367,50K,CF,B1
c13,2empresa,50Kt,20993.302505388034,50K,CF,B4
c13,2empresa,50Kt,226237.29605241367,50K,CF,B5
c13,2empresa,5K,16078.293576516238,5K,CF,B1
c13,2empresa,5K,4858.514573367521,5K,CF,B4
c13,2empresa,5K,16078.293576516238,5K,CF,B5
c13,3empresa,100Kr,10214.179475172648,100K,CF,B4
c13,3empresa,10K,58426.46246251966,10K,CF,B4
c13,3empresa,10Kv,260133.90935497775,10K,CF,B1
c13,3empresa,10Kv,260133.90935497775,10K,CF,B5
c13,3empresa,1Knf,350.26500412649574,1K,CF,B1
c13,3empresa,1Knf,33840.118947059826,1K,CF,B4
c13,3empresa,1Knf,350.26500412649574,1K,CF,B5
c13,3empresa,20K,114096.00037643075,20K,CF,B4
c13,3empresa,20kt,283861.53866677266,20K,CF,B1
c13,3empresa,20kt,283861.53866677266,20K,CF,B5
c13,3empresa,2Knf,26518.45047370598,2K,CF,B4
c13,3empresa,2Kz,271263.29738931963,2K,CF,B1
c13,3empresa,2Kz,610.1390394461539,2K,CF,B4
c13,3empresa,2Kz,271263.29738931963,2K,CF,B5
c13,3empresa,50Ks,4779.422475661538,50K,CF,B1
c13,3empresa,50Ks,4779.422475661538,50K,CF,B5
c13,3empresa,50Kt,126807.23036489228,50K,CF,B1
c13,3empresa,50Kt,218881.73096575725,50K,CF,B4
c13,3empresa,50Kt,126807.23036489228,50K,CF,B5
c13,3empresa,5K,163867.5275756957,5K,CF,B1
c13,3empresa,5K,79883.01868304273,5K,CF,B4
c13,3empresa,5K,163867.5275756957,5K,CF,B5
c14,1principal,100Kr,6180.482492167521,100K,B,B1
c14,1principal,100Kr,8169.083805917949,100K,B,B2
c14,1principal,100Kr,2994460.715761815,100K,B,B3
c14,1principal,100Kr,105836.52560170597,100K,B,B4
c14,1principal,100Kr,6180.482492167521,100K,B,B5
c14,1principal,100Kr,8169.083805917949,100K,B,B6
c14,1principal,100Kr,2994460.715761815,100K,B,B7
c14,1principal,10K,36743.92881997948,10K,B,B1
c14,1principal,10K,1748195.2333375418,10K,B,B2
c14,1principal,10K,2711988.9382404475,10K,B,B3
c14,1principal,10K,12582897.410498029,10K,B,B4
c14,1principal,10K,36743.92881997948,10K,B,B5
c14,1principal,10K,1748195.2333375418,10K,B,B6
c14,1principal,10K,2711988.9382404475,10K,B,B7
c14,1principal,10Kv,1255112.4984962426,10K,B,B1
c14,1principal,10Kv,632996.6556831829,10K,B,B2
c14,1principal,10Kv,506957.7485531487,10K,B,B4
c14,1principal,10Kv,1255112.4984962426,10K,B,B5
c14,1principal,10Kv,632996.6556831829,10K,B,B6
c14,1principal,1Knf,5457.35474171282,1K,B,B1
c14,1principal,1Knf,82741.63307155896,1K,B,B2
c14,1principal,1Knf,4677992.509789165,1K,B,B3
c14,1principal,1Knf,7810491.533790123,1K,B,B4
c14,1principal,1Knf,5457.35474171282,1K,B,B5
c14,1principal,1Knf,82741.63307155896,1K,B,B6
c14,1principal,1Knf,4677992.509789165,1K,B,B7
c14,1principal,20K,769453.1219682051,20K,B,B1
c14,1principal,20K,3615898.626308824,20K,B,B2
c14,1principal,20K,1164043.597423354,20K,B,B3
c14,1principal,20K,5082367.807617654,20K,B,B4
c14,1principal,20K,769453.1219682051,20K,B,B5
c14,1principal,20K,3615898.626308824,20K,B,B6
c14,1principal,20K,1164043.597423354,20K,B,B7
c14,1principal,20kt,1869477.3157341161,20K,B,B1
c14,1principal,20kt,2760574.083974123,20K,B,B2
c14,1principal,20kt,8937666.914811388,20K,B,B3
c14,1principal,20kt,3846858.850481394,20K,B,B4
c14,1principal,20kt,1869477.3157341161,20K,B,B5
c14,1principal,20kt,2760574.083974123,20K,B,B6
c14,1principal,20kt,8937666.914811388,20K,B,B7
c14,1principal,2Knf,587.5412972444443,2K,B,B1
c14,1principal,2Knf,46585.24554882393,2K,B,B2
c14,1principal,2Knf,20479339.456752356,2K,B,B4
c14,1principal,2Knf,587.5412972444443,2K,B,B5
c14,1principal,2Knf,46585.24554882393,2K,B,B6
c14,1principal,2Kz,1047066.3849162051,2K,B,B1
c14,1principal,2Kz,3249815.2026411314,2K,B,B2
c14,1principal,2Kz,1356124.406137884,2K,B,B3
c14,1principal,2Kz,25569819.85382042,2K,B,B4
c14,1principal,2Kz,1047066.3849162051,2K,B,B5
c14,1principal,2Kz,3249815.2026411314,2K,B,B6
c14,1principal,2Kz,1356124.406137884,2K,B,B7
c14,1principal,50Ks,625900.964631846,50K,B,B1
c14,1principal,50Ks,195730.34408010595,50K,B,B2
c14,1principal,50Ks,11174843.392780619,50K,B,B3
c14,1principal,50Ks,4957549.178566512,50K,B,B4
c14,1principal,50Ks,625900.964631846,50K,B,B5
c14,1principal,50Ks,195730.34408010595,50K,B,B6
c14,1principal,50Ks,11174843.392780619,50K,B,B7
c14,1principal,50Kt,758753.0910356956,50K,B,B1
c14,1principal,50Kt,69182.98775053333,50K,B,B2
c14,1principal,50Kt,32630009.85215829,50K,B,B4
c14,1principal,50Kt,758753.0910356956,50K,B,B5
c14,1principal,50Kt,69182.98775053333,50K,B,B6
c14,1principal,5K,8541.946552246154,5K,B,B1
c14,1principal,5K,1465723.4558161742,5K,B,B2
c14,1principal,5K,9333127.403341303,5K,B,B3
c14,1principal,5K,13009124.725035572,5K,B,B4
c14,1principal,5K,8541.946552246154,5K,B,B5
c14,1principal,5K,1465723.4558161742,5K,B,B6
c14,1principal,5K,9333127.403341303,5K,B,B7
c14,1principal,5Ky,684553.4045163828,5K,B,B1
c14,1principal,5Ky,1808079.2501720719,5K,B,B2
c14,1principal,5Ky,1017158.2731122427,5K,B,B3
c14,1principal,5Ky,5666327.362723128,5K,B,B4
c14,1principal,5Ky,684553.4045163828,5K,B,B5
c14,1principal,5Ky,1808079.2501720719,5K,B,B6
c14,1principal,5Ky,1017158.2731122427,5K,B,B7
c15,2empresa,100Kr,7423.358313261539,100K,CF,B4
c15,2empresa,10K,9547.54608022222,10K,CF,B4
c15,2empresa,1Knf,575598.3904908409,1K,CF,B1
c15,2empresa,1Knf,2892.5110018188034,1K,CF,B4
c15,2empresa,1Knf,575598.3904908409,1K,CF,B5
c15,2empresa,20K,5061.894253182906,20K,CF,B4
c15,2empresa,2Knf,5988.40168345299,2K,CF,B4
c15,2empresa,2Kz,1823976.7618109745,2K,CF,B1
c15,2empresa,2Kz,1823976.7618109745,2K,CF,B5
c15,2empresa,50Kt,4474.3529559384615,50K,CF,B4
c15,2empresa,5K,1054410.6511317606,5K,CF,B1
c15,2empresa,5K,7106.989922437606,5K,CF,B4
c15,2empresa,5K,1054410.6511317606,5K,CF,B5
c15,3empresa,100Kr,3321.8681036512817,100K,CF,B4
c15,3empresa,10K,5581.642323822222,10K,CF,B4
c15,3empresa,1Knf,201006.9168842051,1K,CF,B1
c15,3empresa,1Knf,2191.980993565812,1K,CF,B4
c15,3empresa,1Knf,201006.9168842051,1K,CF,B5
c15,3empresa,20K,5796.3208747384615,20K,CF,B4
c15,3empresa,2Knf,7468.553797664957,2K,CF,B4
c15,3empresa,2Kz,2206771.2158368304,2K,CF,B1
c15,3empresa,2Kz,2206771.2158368304,2K,CF,B5
c15,3empresa,50Kt,5321.768288502564,50K,CF,B4
c15,3empresa,5K,1500264.1047714872,5K,CF,B1
c15,3empresa,5K,4146.685694013675,5K,CF,B4
c15,3empresa,5K,1500264.1047714872,5K,CF,B5
c16,1principal,100Kr,9163.384462793161,100K,B,B1
c16,1principal,100Kr,1706389.4102643793,100K,B,B3
c16,1principal,100Kr,11558.745136174359,100K,B,B4
c16,1principal,100Kr,9163.384462793161,100K,B,B5
c16,1principal,100Kr,1706389.4102643793,100K,B,B7
c16,1principal,10K,10428.858026088888,10K,B,B1
c16,1principal,10K,2192240.8676011316,10K,B,B2
c16,1principal,10K,700789.882288311,10K,B,B3
c16,1principal,10K,34156.48733788376,10K,B,B4
c16,1principal,10K,10428.858026088888,10K,B,B5
c16,1principal,10K,2192240.8676011316,10K,B,B6
c16,1principal,10K,700789.882288311,10K,B,B7
c16,1principal,10Kv,9976.9031820547,10K,B,B1
c16,1principal,10Kv,22857.616237029062,10K,B,B2
c16,1principal,10Kv,7796480.933625063,10K,B,B3
c16,1principal,10Kv,22857.616237029062,10K,B,B4
c16,1principal,10Kv,9976.9031820547,10K,B,B5
c16,1principal,10Kv,22857.616237029062,10K,B,B6
c16,1principal,10Kv,7796480.933625063,10K,B,B7
c16,1principal,1Knf,10033.397537558973,1K,B,B1
c16,1principal,1Knf,2147045.3831977127,1K,B,B2
c16,1principal,1Knf,7547905.769406259,1K,B,B3
c16,1principal,1Knf,169742.94054814018,1K,B,B4
c16,1principal,1Knf,10033.397537558973,1K,B,B5
c16,1principal,1Knf,2147045.3831977127,1K,B,B6
c16,1principal,1Knf,7547905.769406259,1K,B,B7
c16,1principal,20K,190826.63402233503,20K,B,B1
c16,1principal,20K,1536906.3437515588,20K,B,B2
c16,1principal,20K,11558.745136174359,20K,B,B4
c16,1principal,20K,190826.63402233503,20K,B,B5
c16,1principal,20K,1536906.3437515588,20K,B,B6
c16,1principal,20kt,10654.835448105983,20K,B,B1
c16,1principal,20kt,68053.10064044787,20K,B,B2
c16,1principal,20kt,4768383.478596004,20K,B,B3
c16,1principal,20kt,22857.616237029062,20K,B,B4
c16,1principal,20kt,10654.835448105983,20K,B,B5
c16,1principal,20kt,68053.10064044787,20K,B,B6
c16,1principal,20kt,4768383.478596004,20K,B,B7
c16,1principal,2Knf,7005.300082529914,2K,B,B1
c16,1principal,2Knf,5322028.162537883,2K,B,B2
c16,1principal,2Knf,56754.22953959315,2K,B,B4
c16,1principal,2Knf,7005.300082529914,2K,B,B5
c16,1principal,2Knf,5322028.162537883,2K,B,B6
c16,1principal,2Kz,9310.269787104273,2K,B,B1
c16,1principal,2Kz,949365.0465071144,2K,B,B2
c16,1principal,2Kz,6451915.272623354,2K,B,B3
c16,1principal,2Kz,1220537.9529276271,2K,B,B4
c16,1principal,2Kz,9310.269787104273,2K,B,B5
c16,1principal,2Kz,949365.0465071144,2K,B,B6
c16,1principal,2Kz,6451915.272623354,2K,B,B7
c16,1principal,50Ks,6530.747496294017,50K,B,B1
c16,1principal,50Ks,68053.10064044787,50K,B,B2
c16,1principal,50Ks,11671993.721218226,50K,B,B3
c16,1principal,50Ks,56754.22953959315,50K,B,B4
c16,1principal,50Ks,6530.747496294017,50K,B,B5
c16,1principal,50Ks,68053.10064044787,50K,B,B6
c16,1principal,50Ks,11671993.721218226,50K,B,B7
c16,1principal,50Kt,2754992.4416503003,50K,B,B1
c16,1principal,50Kt,1231836.824028482,50K,B,B2
c16,1principal,50Kt,34156.48733788376,50K,B,B4
c16,1principal,50Kt,2754992.4416503003,50K,B,B5
c16,1principal,50Kt,1231836.824028482,50K,B,B6
c16,1principal,5K,14247.876458177778,5K,B,B1
c16,1principal,5K,2836276.52034985,5K,B,B2
c16,1principal,5K,135846.32724557605,5K,B,B3
c16,1principal,5K,11558.745136174359,5K,B,B4
c16,1principal,5K,14247.876458177778,5K,B,B5
c16,1principal,5K,2836276.52034985,5K,B,B6
c16,1principal,5K,135846.32724557605,5K,B,B7
c16,1principal,5Ky,212215.39701625294,5K,B,B1
c16,1principal,5Ky,361823.74926267,5K,B,B2
c16,1principal,5Ky,4395520.732267798,5K,B,B3
c16,1principal,5Ky,350524.87816181534,5K,B,B4
c16,1principal,5Ky,212215.39701625294,5K,B,B5
c16,1principal,5Ky,361823.74926267,5K,B,B6
c16,1principal,5Ky,4395520.732267798,5K,B,B7
c17,1principal,100Kr,7276.472988950427,100K,B,B1
c17,1principal,100Kr,2406919.4185173707,100K,B,B3
c17,1principal,100Kr,26247.277567285466,100K,B,B4
c17,1principal,100Kr,7276.472988950427,100K,B,B5
c17,1principal,100Kr,2406919.4185173707,100K,B,B7
c17,1principal,10K,1943823.8875777402,10K,B,B1
c17,1principal,10K,3516468.5606213026,10K,B,B2
c17,1principal,10K,983261.6598096786,10K,B,B3
c17,1principal,10K,2291377.1626400305,10K,B,B4
c17,1principal,10K,1943823.8875777402,10K,B,B5
c17,1principal,10K,3516468.5606213026,10K,B,B6
c17,1principal,10K,983261.6598096786,10K,B,B7
c17,1principal,10Kv,464010.7394988,10K,B,B1
c17,1principal,10Kv,1678142.2325122424,10K,B,B2
c17,1principal,10Kv,5276832.678134466,10K,B,B3
c17,1principal,10Kv,508245.81985864614,10K,B,B4
c17,1principal,10Kv,464010.7394988,10K,B,B5
c17,1principal,10Kv,1678142.2325122424,10K,B,B6
c17,1principal,10Kv,5276832.678134466,10K,B,B7
c17,1principal,1Knf,15761.925185692306,1K,B,B1
c17,1principal,1Knf,305329.39375839656,1K,B,B2
c17,1principal,1Knf,3570703.1419054046,1K,B,B3
c17,1principal,1Knf,2668917.6416039895,1K,B,B4
c17,1principal,1Knf,15761.925185692306,1K,B,B5
c17,1principal,1Knf,305329.39375839656,1K,B,B6
c17,1principal,1Knf,3570703.1419054046,1K,B,B7
c17,1principal,20K,700.5300082529915,20K,B,B1
c17,1principal,20K,3361674.026539593,20K,B,B2
c17,1principal,20K,1469824.9460257844,20K,B,B4
c17,1principal,20K,700.5300082529915,20K,B,B5
c17,1principal,20K,3361674.026539593,20K,B,B6
c17,1principal,20kt,3222709.210870181,20K,B,B1
c17,1principal,20kt,3066773.490807285,20K,B,B2
c17,1principal,20kt,655594.3978848923,20K,B,B3
c17,1principal,20kt,3820555.078558605,20K,B,B4
c17,1principal,20kt,3222709.210870181,20K,B,B5
c17,1principal,20kt,3066773.490807285,20K,B,B6
c17,1principal,20kt,655594.3978848923,20K,B,B7
c17,1principal,2Knf,453378.5017928957,2K,B,B1
c17,1principal,2Knf,6979572.553033268,2K,B,B2
c17,1principal,2Knf,2867732.5774946287,2K,B,B4
c17,1principal,2Knf,453378.5017928957,2K,B,B5
c17,1principal,2Knf,6979572.553033268,2K,B,B6
c17,1principal,2Kz,1238457.9624935829,2K,B,B1
c17,1principal,2Kz,6385251.93312831,2K,B,B2
c17,1principal,2Kz,7717388.83591908,2K,B,B3
c17,1principal,2Kz,7464599.192779657,2K,B,B4
c17,1principal,2Kz,1238457.9624935829,2K,B,B5
c17,1principal,2Kz,6385251.93312831,2K,B,B6
c17,1principal,2Kz,7717388.83591908,2K,B,B7
c17,1principal,50Ks,1830823.8776980923,50K,B,B1
c17,1principal,50Ks,709828.9791689947,50K,B,B2
c17,1principal,50Ks,723387.6244900204,50K,B,B3
c17,1principal,50Ks,373111.3214924239,50K,B,B4
c17,1principal,50Ks,1830823.8776980923,50K,B,B5
c17,1principal,50Ks,709828.9791689947,50K,B,B6
c17,1principal,50Ks,723387.6244900204,50K,B,B7
c17,1principal,50Kt,3604746.6405322803,50K,B,B1
c17,1principal,50Kt,5244065.951941987,50K,B,B2
c17,1principal,50Kt,2526913.4296084475,50K,B,B4
c17,1principal,50Kt,3604746.6405322803,50K,B,B5
c17,1principal,50Kt,5244065.951941987,50K,B,B6
c17,1principal,5K,65171.88850972991,5K,B,B1
c17,1principal,5K,3746965.5310787386,5K,B,B2
c17,1principal,5K,1751584.894667798,5K,B,B3
c17,1principal,5K,3431467.153329572,5K,B,B4
c17,1principal,5K,65171.88850972991,5K,B,B5
c17,1principal,5K,3746965.5310787386,5K,B,B6
c17,1principal,5K,1751584.894667798,5K,B,B7
c17,1principal,5Ky,1345469.5706897776,5K,B,B1
c17,1principal,5Ky,2158344.2542985673,5K,B,B2
c17,1principal,5Ky,3435116.6886951486,5K,B,B3
c17,1principal,5Ky,1799300.0273267075,5K,B,B4
c17,1principal,5Ky,1345469.5706897776,5K,B,B5
c17,1principal,5Ky,2158344.2542985673,5K,B,B6
c17,1principal,5Ky,3435116.6886951486,5K,B,B7
c18,2empresa,100Kr,10214.179475172648,100K,CF,B4
c18,2empresa,10K,24247.377382434184,10K,CF,B4
c18,2empresa,1Knf,3649.535365576068,1K,CF,B1
c18,2empresa,1Knf,10496.651252694017,1K,CF,B4
c18,2empresa,1Knf,3649.535365576068,1K,CF,B5
c18,2empresa,20K,37195.88366401367,20K,CF,B4
c18,2empresa,2Knf,6214.379105470085,2K,CF,B4
c18,2empresa,2Kz,1505585.8730599894,2K,CF,B1
c18,2empresa,2Kz,1505585.8730599894,2K,CF,B5
c18,2empresa,50Kt,165901.32437384958,50K,CF,B4
c18,2empresa,5K,893582.5198821949,5K,CF,B1
c18,2empresa,5K,9208.57994719658,5K,CF,B4
c18,2empresa,5K,893582.5198821949,5K,CF,B5
c18,3empresa,100Kr,12677.333375158973,100K,CF,B4
c18,3empresa,10K,21072.394603094017,10K,CF,B4
c18,3empresa,1Knf,8056.0950949094,1K,CF,B4
c18,3empresa,20K,137303.8816175863,20K,CF,B4
c18,3empresa,2Knf,10575.743350399998,2K,CF,B4
c18,3empresa,2Kz,179685.94711689226,2K,CF,B1
c18,3empresa,2Kz,205424.7754846393,2K,CF,B4
c18,3empresa,2Kz,179685.94711689226,2K,CF,B5
c18,3empresa,50Kt,181222.5935866085,50K,CF,B4
c18,3empresa,5K,420532.68350271106,5K,CF,B1
c18,3empresa,5K,9344.166400406835,5K,CF,B4
c18,3empresa,5K,420532.68350271106,5K,CF,B5
c18,3empresa,5Ky,5615.538937124786,5K,CF,B4
c19,2empresa,100Kr,10937.307225627348,100K,CF,B4
c19,2empresa,10K,10507.950123794872,10K,CF,B4
c19,2empresa,10Kv,4779.422475661538,10K,CF,B4
c19,2empresa,1Knf,5909.309585747008,1K,CF,B1
c19,2empresa,1Knf,4146.685694013675,1K,CF,B4
c19,2empresa,1Knf,5909.309585747008,1K,CF,B5
c19,2empresa,20K,11231.077874249571,20K,CF,B4
c19,2empresa,20kt,3649.535365576068,20K,CF,B4
c19,2empresa,2Knf,7525.04815316923,2K,CF,B4
c19,2empresa,2Kz,5222598.096850363,2K,CF,B1
c19,2empresa,2Kz,5222598.096850363,2K,CF,B5
c19,2empresa,50Ks,6462.954269688888,50K,CF,B4
c19,2empresa,50Kt,129722.33910891281,50K,CF,B4
c19,2empresa,5K,1930107.0580613024,5K,CF,B1
c19,2empresa,5K,9479.752853617094,5K,CF,B4
c19,2empresa,5K,1930107.0580613024,5K,CF,B5
c19,3empresa,100Kr,5355.6649018051285,100K,CF,B4
c19,3empresa,10K,2576.142610994872,10K,CF,B4
c19,3empresa,1Knf,66923.2135303624,1K,CF,B1
c19,3empresa,1Knf,57895.41552077948,1K,CF,B4
c19,3empresa,1Knf,66923.2135303624,1K,CF,B5
c19,3empresa,20K,7796.221059589742,20K,CF,B4
c19,3empresa,20kt,9298.970916003418,20K,CF,B4
c19,3empresa,2Knf,3174.982779340171,2K,CF,B4
c19,3empresa,2Kz,1016028.3860021572,2K,CF,B1
c19,3empresa,2Kz,62448.860574423925,2K,CF,B4
c19,3empresa,2Kz,1016028.3860021572,2K,CF,B5
c19,3empresa,50Ks,17965.205050358974,50K,CF,B4
c19,3empresa,50Kt,949.1051724717947,50K,CF,B4
c19,3empresa,5K,3841.6161742905983,5K,CF,B4
c19,3empresa,5Ky,465773.36339053337,5K,CF,B1
c19,3empresa,5Ky,48845.01976899487,5K,CF,B4
c19,3empresa,5Ky,465773.36339053337,5K,CF,B5
c2,1principal,100Kr,525770.3689360718,100K,B,B1
c2,1principal,100Kr,237536.16715326835,100K,B,B2
c2,1principal,100Kr,17795981.85788147,100K,B,B3
c2,1principal,100Kr,141405.37182719656,100K,B,B4
c2,1principal,100Kr,525770.3689360718,100K,B,B5
c2,1principal,100Kr,237536.16715326835,100K,B,B6
c2,1principal,100Kr,17795981.85788147,100K,B,B7
c2,1principal,10K,239750.74588903587,10K,B,B1
c2,1principal,10K,9491311.598753268,10K,B,B2
c2,1principal,10K,11412119.685898568,10K,B,B3
c2,1principal,10K,37525415.239670105,10K,B,B4
c2,1principal,10K,239750.74588903587,10K,B,B5
c2,1principal,10K,9491311.598753268,10K,B,B6
c2,1principal,10K,11412119.685898568,10K,B,B7
c2,1principal,10Kv,13140.587090294015,10K,B,B1
c2,1principal,10Kv,45455.358438738454,10K,B,B2
c2,1principal,10Kv,36393923.689888306,10K,B,B3
c2,1principal,10Kv,29718132.585272618,10K,B,B4
c2,1principal,10Kv,13140.587090294015,10K,B,B5
c2,1principal,10Kv,45455.358438738454,10K,B,B6
c2,1principal,10Kv,36393923.689888306,10K,B,B7
c2,1principal,1Knf,69250.78097713845,1K,B,B1
c2,1principal,1Knf,22857.616237029062,1K,B,B2
c2,1principal,1Knf,19276133.972093437,1K,B,B3
c2,1principal,1Knf,41551157.81742022,1K,B,B4
c2,1principal,1Knf,69250.78097713845,1K,B,B5
c2,1principal,1Knf,22857.616237029062,1K,B,B6
c2,1principal,1Knf,19276133.972093437,1K,B,B7
c2,1principal,20K,103124.79653750085,20K,B,B1
c2,1principal,20K,7118548.667573781,20K,B,B2
c2,1principal,20K,22765982.39240113,20K,B,B4
c2,1principal,20K,103124.79653750085,20K,B,B5
c2,1principal,20K,7118548.667573781,20K,B,B6
c2,1principal,20kt,95690.13935313845,20K,B,B1
c2,1principal,20kt,158455.36831838632,20K,B,B2
c2,1principal,20kt,29976164.904602837,20K,B,B3
c2,1principal,20kt,50126921.89087124,20K,B,B4
c2,1principal,20kt,95690.13935313845,20K,B,B5
c2,1principal,20kt,158455.36831838632,20K,B,B6
c2,1principal,20kt,29976164.904602837,20K,B,B7
c2,1principal,2Knf,1073.3927545811964,2K,B,B1
c2,1principal,2Knf,3175242.65337549,2K,B,B2
c2,1principal,2Knf,81043503.13606931,2K,B,B4
c2,1principal,2Knf,1073.3927545811964,2K,B,B5
c2,1principal,2Knf,3175242.65337549,2K,B,B6
c2,1principal,2Kz,11322734.316619705,2K,B,B1
c2,1principal,2Kz,5389821.3891430115,2K,B,B2
c2,1principal,2Kz,42133750.209122494,2K,B,B3
c2,1principal,2Kz,288133607.93339247,2K,B,B4
c2,1principal,2Kz,11322734.316619705,2K,B,B5
c2,1principal,2Kz,5389821.3891430115,2K,B,B6
c2,1principal,2Kz,42133750.209122494,2K,B,B7
c2,1principal,50Ks,94820.12627837266,50K,B,B1
c2,1principal,50Ks,452226.0169406085,50K,B,B2
c2,1principal,50Ks,174579117.2533413,50K,B,B3
c2,1principal,50Ks,11502578.447932009,50K,B,B4
c2,1principal,50Ks,94820.12627837266,50K,B,B5
c2,1principal,50Ks,452226.0169406085,50K,B,B6
c2,1principal,50Ks,174579117.2533413,50K,B,B7
c2,1principal,50Kt,5967736.048209528,50K,B,B1
c2,1principal,50Kt,7717388.83591908,50K,B,B2
c2,1principal,50Kt,101916687.34278415,50K,B,B4
c2,1principal,50Kt,5967736.048209528,50K,B,B5
c2,1principal,50Kt,7717388.83591908,50K,B,B6
c2,1principal,5K,24303.87173793846,5K,B,B1
c2,1principal,5K,41241139.39215497,5K,B,B2
c2,1principal,5K,82947046.5481725,5K,B,B4
c2,1principal,5K,24303.87173793846,5K,B,B5
c2,1principal,5K,41241139.39215497,5K,B,B6
c2,1principal,5Ky,26518.45047370598,5K,B,B1
c2,1principal,5Ky,327927.135960106,5K,B,B2
c2,1principal,5Ky,36597303.369703695,5K,B,B3
c2,1principal,5Ky,93235391.81325117,5K,B,B4
c2,1principal,5Ky,26518.45047370598,5K,B,B5
c2,1principal,5Ky,327927.135960106,5K,B,B6
c2,1principal,5Ky,36597303.369703695,5K,B,B7
c2,2empresa,100Kr,16891.812295777778,100K,C,B4
c2,2empresa,10K,173392.47591371622,10K,C,B4
c2,2empresa,10Kv,89520.9557320718,10K,C,B4
c2,2empresa,1Knf,4391001.183827456,1K,C,B1
c2,2empresa,1Knf,241422.97881196238,1K,C,B4
c2,2empresa,1Knf,4391001.183827456,1K,C,B5
c2,2empresa,20K,81046.80240643077,20K,C,B4
c2,2empresa,20kt,116638.24637412307,20K,C,B4
c2,2empresa,2Knf,349790.4515402598,2K,C,B4
c2,2empresa,2Kz,16640220.332975047,2K,C,B1
c2,2empresa,2Kz,118898.02059429401,2K,C,B4
c2,2empresa,2Kz,16640220.332975047,2K,C,B5
c2,2empresa,50Ks,205899.3280708752,50K,C,B4
c2,2empresa,50Kt,217288.59014053672,50K,C,B4
c2,2empresa,5K,294821.4436346017,5K,C,B1
c2,2empresa,5K,259828.8398352547,5K,C,B4
c2,2empresa,5K,294821.4436346017,5K,C,B5
c2,2empresa,5Ky,3128917.281861986,5K,C,B1
c2,2empresa,5Ky,146094.40333405128,5K,C,B4
c2,2empresa,5Ky,3128917.281861986,5K,C,B5
c2,3empresa,100Kr,26292.47305168889,100K,C,B4
c2,3empresa,10K,395742.96030743583,10K,C,B4
c2,3empresa,1Knf,27863.01613470769,1K,C,B1
c2,3empresa,1Knf,422046.7322302256,1K,C,B4
c2,3empresa,1Knf,27863.01613470769,1K,C,B5
c2,3empresa,20K,129688.44249561024,20K,C,B4
c2,3empresa,2Knf,25185.183683805124,2K,C,B1
c2,3empresa,2Knf,423707.66628205124,2K,C,B4
c2,3empresa,2Knf,25185.183683805124,2K,C,B5
c2,3empresa,2Kz,345745.4556861538,2K,C,B1
c2,3empresa,2Kz,2179687.821808082,2K,C,B4
c2,3empresa,2Kz,345745.4556861538,2K,C,B5
c2,3empresa,50Kt,191120.40467095724,50K,C,B4
c2,3empresa,5K,1107.2893678837606,5K,C,B1
c2,3empresa,5K,592445.0073022153,5K,C,B4
c2,3empresa,5K,1107.2893678837606,5K,C,B5
c2,3empresa,5Ky,981905.7952775761,5K,C,B1
c2,3empresa,5Ky,463332.8072327487,5K,C,B4
c2,3empresa,5Ky,981905.7952775761,5K,C,B5
c2,4empresa,10K,3649.535365576068,10K,C,B4
c2,4empresa,20K,2519.648255490598,20K,C,B4
c2,4empresa,2Knf,1582101.8281549779,2K,C,B1
c2,4empresa,2Knf,452214.7180695077,2K,C,B4
c2,4empresa,2Knf,1582101.8281549779,2K,C,B5
c2,4empresa,2Kz,562943.6548578838,2K,C,B1
c2,4empresa,2Kz,562943.6548578838,2K,C,B5
c2,4empresa,50Kt,90063.30154491281,50K,C,B4
c2,4empresa,5K,11106.79029214017,5K,C,B1
c2,4empresa,5K,11106.79029214017,5K,C,B5
c2,4empresa,5Ky,339226.0070609607,5K,C,B1
c2,4empresa,5Ky,339226.0070609607,5K,C,B5
c20,2empresa,100Kr,7683.232348581197,100K,CF,B4
c20,2empresa,10K,26744.427895723078,10K,CF,B4
c20,2empresa,1Knf,572050.5449651727,1K,CF,B1
c20,2empresa,1Knf,1005.5995279760683,1K,CF,B4
c20,2empresa,1Knf,572050.5449651727,1K,CF,B5
c20,2empresa,20K,23693.732698492306,20K,CF,B4
c20,2empresa,20kt,2519.648255490598,20K,CF,B4
c20,2empresa,2Knf,983.0017857743588,2K,CF,B4
c20,2empresa,2Kz,1372530.3669763247,2K,CF,B1
c20,2empresa,2Kz,1372530.3669763247,2K,CF,B5
c20,2empresa,50Ks,4779.422475661538,50K,CF,B4
c20,2empresa,50Kt,39998.00369702564,50K,CF,B4
c20,2empresa,5K,5231.377319695726,5K,CF,B4
c20,2empresa,5Ky,826229.94925,5K,CF,B1
c20,2empresa,5Ky,826229.94925,5K,CF,B5
c20,3empresa,100Kr,6067.493781158974,100K,CF,B4
c20,3empresa,10K,12745.126601764103,10K,CF,B4
c20,3empresa,1Knf,404680.36734821193,1K,CF,B1
c20,3empresa,1Knf,6180.482492167521,1K,CF,B4
c20,3empresa,1Knf,404680.36734821193,1K,CF,B5
c20,3empresa,20K,7468.553797664957,20K,CF,B4
c20,3empresa,20kt,14033.197907261538,20K,CF,B4
c20,3empresa,2Knf,519.7480706393162,2K,CF,B1
c20,3empresa,2Knf,2790.821161911111,2K,CF,B4
c20,3empresa,2Knf,519.7480706393162,2K,CF,B5
c20,3empresa,2Kz,2575950.530186157,2K,CF,B1
c20,3empresa,2Kz,2575950.530186157,2K,CF,B5
c20,3empresa,50Ks,343790.75098570593,50K,CF,B4
c20,3empresa,50Kt,28292.37323654017,50K,CF,B4
c20,3empresa,5K,745.7254926564102,5K,CF,B1
c20,3empresa,5K,3513.948912365812,5K,CF,B4
c20,3empresa,5K,745.7254926564102,5K,CF,B5
c20,3empresa,5Ky,2557273.496256444,5K,CF,B1
c20,3empresa,5Ky,1728.727278430769,5K,CF,B4
c20,3empresa,5Ky,2557273.496256444,5K,CF,B5
c21,1principal,100Kr,745.7254926564102,100K,B,B1
c21,1principal,100Kr,2373022.805214807,100K,B,B3
c21,1principal,100Kr,79385.86835460512,100K,B,B4
c21,1principal,100Kr,745.7254926564102,100K,B,B5
c21,1principal,100Kr,2373022.805214807,100K,B,B7
c21,1principal,10K,5479.952483914529,10K,B,B1
c21,1principal,10K,1536906.3437515588,10K,B,B2
c21,1principal,10K,6259834.463908822,10K,B,B3
c21,1principal,10K,6297120.738541644,10K,B,B4
c21,1principal,10K,5479.952483914529,10K,B,B5
c21,1principal,10K,1536906.3437515588,10K,B,B6
c21,1principal,10K,6259834.463908822,10K,B,B7
c21,1principal,10Kv,2406942.016259572,10K,B,B1
c21,1principal,10Kv,1017158.2731122427,10K,B,B2
c21,1principal,10Kv,13558905.19506096,10K,B,B3
c21,1principal,10Kv,894000.5781129265,10K,B,B4
c21,1principal,10Kv,2406942.016259572,10K,B,B5
c21,1principal,10Kv,1017158.2731122427,10K,B,B6
c21,1principal,10Kv,13558905.19506096,10K,B,B7
c21,1principal,1Knf,9411.959627011967,1K,B,B1
c21,1principal,1Knf,34156.48733788376,1K,B,B2
c21,1principal,1Knf,14451516.012028482,1K,B,B3
c21,1principal,1Knf,2855484.6012213025,1K,B,B4
c21,1principal,1Knf,9411.959627011967,1K,B,B5
c21,1principal,1Knf,34156.48733788376,1K,B,B6
c21,1principal,1Knf,14451516.012028482,1K,B,B7
c21,1principal,20K,293.77064862222215,20K,B,B1
c21,1principal,20K,1898470.218978909,20K,B,B2
c21,1principal,20K,5153674.983135149,20K,B,B4
c21,1principal,20K,293.77064862222215,20K,B,B5
c21,1principal,20K,1898470.218978909,20K,B,B6
c21,1principal,20kt,1582870.1513898356,20K,B,B1
c21,1principal,20kt,3864473.790527627,20K,B,B2
c21,1principal,20kt,27535608.746818226,20K,B,B3
c21,1principal,20kt,16879643.411602158,20K,B,B4
c21,1principal,20kt,1582870.1513898356,20K,B,B5
c21,1principal,20kt,3864473.790527627,20K,B,B6
c21,1principal,20kt,27535608.746818226,20K,B,B7
c21,1principal,2Knf,610.1390394461539,2K,B,B1
c21,1principal,2Knf,24213740.643166944,2K,B,B4
c21,1principal,2Knf,610.1390394461539,2K,B,B5
c21,1principal,2Kz,4711.62924905641,2K,B,B1
c21,1principal,2Kz,147145.19834643076,2K,B,B2
c21,1principal,2Kz,64392526.27780625,2K,B,B4
c21,1principal,2Kz,4711.62924905641,2K,B,B5
c21,1principal,2Kz,147145.19834643076,2K,B,B6
c21,1principal,50Ks,3357007.5927749397,50K,B,B1
c21,1principal,50Ks,1073652.6286165162,50K,B,B2
c21,1principal,50Ks,47455518.49762505,50K,B,B3
c21,1principal,50Ks,592377.2140756103,50K,B,B4
c21,1principal,50Ks,3357007.5927749397,50K,B,B5
c21,1principal,50Ks,1073652.6286165162,50K,B,B6
c21,1principal,50Ks,47455518.49762505,50K,B,B7
c21,1principal,50Kt,8192359.480385709,50K,B,B1
c21,1principal,50Kt,10474313.384527626,50K,B,B2
c21,1principal,50Kt,9911629.603705063,50K,B,B4
c21,1principal,50Kt,8192359.480385709,50K,B,B5
c21,1principal,50Kt,10474313.384527626,50K,B,B6
c21,1principal,5K,9152.085591692306,5K,B,B1
c21,1principal,5K,486111.33137207176,5K,B,B2
c21,1principal,5K,644295.5267840376,5K,B,B3
c21,1principal,5K,7030417.472987114,5K,B,B4
c21,1principal,5K,9152.085591692306,5K,B,B5
c21,1principal,5K,486111.33137207176,5K,B,B6
c21,1principal,5K,644295.5267840376,5K,B,B7
c21,1principal,5Ky,1299.3701765982905,5K,B,B1
c21,1principal,5Ky,5649695.4244626695,5K,B,B3
c21,1principal,5Ky,5846295.781617542,5K,B,B4
c21,1principal,5Ky,1299.3701765982905,5K,B,B5
c21,1principal,5Ky,5649695.4244626695,5K,B,B7
c3,1principal,100Kr,722743.5888372718,100K,B,B1
c3,1principal,100Kr,90650.84284215726,100K,B,B2
c3,1principal,100Kr,89961871.57904045,100K,B,B3
c3,1principal,100Kr,1733314.620097716,100K,B,B4
c3,1principal,100Kr,722743.5888372718,100K,B,B5
c3,1principal,100Kr,90650.84284215726,100K,B,B6
c3,1principal,100Kr,89961871.57904045,100K,B,B7
c3,1principal,10K,18019473.528256375,10K,B,B1
c3,1principal,10K,40246838.73527976,10K,B,B2
c3,1principal,10K,494258077.30982333,10K,B,B3
c3,1principal,10K,136130324.37069604,10K,B,B4
c3,1principal,10K,18019473.528256375,10K,B,B5
c3,1principal,10K,40246838.73527976,10K,B,B6
c3,1principal,10K,494258077.30982333,10K,B,B7
c3,1principal,10Kv,666780.2802747384,10K,B,B1
c3,1principal,10Kv,2384321.6763156615,10K,B,B2
c3,1principal,10Kv,413404033.6443731,10K,B,B3
c3,1principal,10Kv,84598794.61779316,10K,B,B4
c3,1principal,10Kv,666780.2802747384,10K,B,B5
c3,1principal,10Kv,2384321.6763156615,10K,B,B6
c3,1principal,10Kv,413404033.6443731,10K,B,B7
c3,1principal,1Knf,45054621.37740445,1K,B,B1
c3,1principal,1Knf,1243135.6951293366,1K,B,B2
c3,1principal,1Knf,154116861.68969342,1K,B,B3
c3,1principal,1Knf,130008980.16987039,1K,B,B4
c3,1principal,1Knf,45054621.37740445,1K,B,B5
c3,1principal,1Knf,1243135.6951293366,1K,B,B6
c3,1principal,1Knf,154116861.68969342,1K,B,B7
c3,1principal,20K,5550728.612490282,20K,B,B1
c3,1principal,20K,57534111.51958746,20K,B,B2
c3,1principal,20K,35672004.9186414,20K,B,B4
c3,1principal,20K,5550728.612490282,20K,B,B5
c3,1principal,20K,57534111.51958746,20K,B,B6
c3,1principal,20kt,1137378.2616253367,20K,B,B1
c3,1principal,20kt,2271332.965307114,20K,B,B2
c3,1principal,20kt,572310678.8745276,20K,B,B3
c3,1principal,20kt,253500014.46440405,20K,B,B4
c3,1principal,20kt,1137378.2616253367,20K,B,B5
c3,1principal,20kt,2271332.965307114,20K,B,B6
c3,1principal,20kt,572310678.8745276,20K,B,B7
c3,1principal,2Knf,638702.5855891146,2K,B,B1
c3,1principal,2Knf,43161947.479300275,2K,B,B2
c3,1principal,2Knf,461260605.57172304,2K,B,B4
c3,1principal,2Knf,638702.5855891146,2K,B,B5
c3,1principal,2Knf,43161947.479300275,2K,B,B6
c3,1principal,2Kz,8432392.698052267,2K,B,B1
c3,1principal,2Kz,12429018.08497549,2K,B,B2
c3,1principal,2Kz,137157256.16731054,2K,B,B3
c3,1principal,2Kz,591697937.2438979,2K,B,B4
c3,1principal,2Kz,8432392.698052267,2K,B,B5
c3,1principal,2Kz,12429018.08497549,2K,B,B6
c3,1principal,2Kz,137157256.16731054,2K,B,B7
c3,1principal,50Ks,2236735.821996297,50K,B,B1
c3,1principal,50Ks,4632797.025385746,50K,B,B2
c3,1principal,50Ks,137688303.1090507,50K,B,B3
c3,1principal,50Ks,89423175.30156499,50K,B,B4
c3,1principal,50Ks,2236735.821996297,50K,B,B5
c3,1principal,50Ks,4632797.025385746,50K,B,B6
c3,1principal,50Ks,137688303.1090507,50K,B,B7
c3,1principal,50Kt,57547489.38297086,50K,B,B1
c3,1principal,50Kt,43647798.93663702,50K,B,B2
c3,1principal,50Kt,316337895.1708304,50K,B,B4
c3,1principal,50Kt,57547489.38297086,50K,B,B5
c3,1principal,50Kt,43647798.93663702,50K,B,B6
c3,1principal,5K,6427102.951685877,5K,B,B1
c3,1principal,5K,3615898.626308824,5K,B,B2
c3,1principal,5K,2621597.96943361,5K,B,B3
c3,1principal,5K,471942253.24095136,5K,B,B4
c3,1principal,5K,6427102.951685877,5K,B,B5
c3,1principal,5K,3615898.626308824,5K,B,B6
c3,1principal,5K,2621597.96943361,5K,B,B7
c3,1principal,5Ky,703682.3932901298,5K,B,B1
c3,1principal,5Ky,226237.29605241367,5K,B,B2
c3,1principal,5Ky,349689021.57438743,5K,B,B3
c3,1principal,5Ky,336881785.0781819,5K,B,B4
c3,1principal,5Ky,703682.3932901298,5K,B,B5
c3,1principal,5Ky,226237.29605241367,5K,B,B6
c3,1principal,5Ky,349689021.57438743,5K,B,B7
c3,2empresa,100Kr,40291.774345647864,100K,C,B4
c3,2empresa,10K,186227.99348428717,10K,C,B4
c3,2empresa,10Kv,134716.4401354906,10K,C,B4
c3,2empresa,1Knf,165223.39210779825,1K,C,B1
c3,2empresa,1Knf,98277.58083523417,1K,C,B4
c3,2empresa,1Knf,165223.39210779825,1K,C,B5
c3,2empresa,20K,217107.80820292307,20K,C,B4
c3,2empresa,20kt,114378.47215395214,20K,C,B4
c3,2empresa,2Knf,3023837.780624037,2K,C,B1
c3,2empresa,2Knf,51104.79398916581,2K,C,B4
c3,2empresa,2Knf,3023837.780624037,2K,C,B5
c3,2empresa,2Kz,7563724.188947456,2K,C,B1
c3,2empresa,2Kz,42065.69710848205,2K,C,B4
c3,2empresa,2Kz,7563724.188947456,2K,C,B5
c3,2empresa,50Ks,170872.82765822564,50K,C,B4
c3,2empresa,50Kt,246541.36742064953,50K,C,B4
c3,2empresa,5K,889481.0296725845,5K,C,B1
c3,2empresa,5K,13818.519356345298,5K,C,B4
c3,2empresa,5K,889481.0296725845,5K,C,B5
c3,2empresa,5Ky,5960414.379736174,5K,C,B1
c3,2empresa,5Ky,59014.003759764106,5K,C,B4
c3,2empresa,5Ky,5960414.379736174,5K,C,B5
c3,3empresa,100Kr,58064.8985872923,100K,C,B4
c3,3empresa,10Kv,34167.78620898462,10K,C,B4
c3,3empresa,1Knf,78459.36092433504,1K,C,B4
c3,3empresa,20kt,80425.36449588374,20K,C,B4
c3,3empresa,2Knf,82696.43758715555,2K,C,B4
c3,3empresa,2Kz,9720667.383229518,2K,C,B1
c3,3empresa,2Kz,4112.789080711111,2K,C,B4
c3,3empresa,2Kz,9720667.383229518,2K,C,B5
c3,3empresa,50Ks,298651.76093779143,50K,C,B4
c3,3empresa,50Kt,113248.58504386667,50K,C,B4
c3,3empresa,5K,32902.312645688886,5K,C,B4
c3,3empresa,5Ky,3180530.5250506904,5K,C,B1
c3,3empresa,5Ky,2078.992282557265,5K,C,B4
c3,3empresa,5Ky,3180530.5250506904,5K,C,B5
c3,4empresa,10K,480461.8958216444,10K,C,B4
c3,4empresa,10Kv,271432.7804558324,10K,C,B4
c3,4empresa,20K,508709.0735737812,20K,C,B4
c3,4empresa,20kt,652204.7365546359,20K,C,B4
c3,4empresa,2Kz,4971763.158411388,2K,C,B1
c3,4empresa,2Kz,4971763.158411388,2K,C,B5
c3,4empresa,50Ks,228497.0702725846,50K,C,B4
c3,4empresa,50Kt,849934.9808195931,50K,C,B4
c3,4empresa,5Ky,1921067.9611806187,5K,C,B1
c3,4empresa,5Ky,1921067.9611806187,5K,C,B5
c3,5empresa,100Kr,12021.998851309403,100K,C,B4
c3,5empresa,10K,90413.56654903931,10K,C,B4
c3,5empresa,1Knf,147258.18705743933,1K,C,B4
c3,5empresa,20K,82764.23081376067,20K,C,B4
c3,5empresa,20kt,2124.187766960684,20K,C,B4
c3,5empresa,2Knf,711.8288793538461,2K,C,B1
c3,5empresa,2Knf,340118.6178779282,2K,C,B4
c3,5empresa,2Knf,711.8288793538461,2K,C,B5
c3,5empresa,2Kz,2664544.9784879587,2K,C,B1
c3,5empresa,2Kz,293.77064862222215,2K,C,B4
c3,5empresa,2Kz,2664544.9784879587,2K,C,B5
c3,5empresa,50Ks,61194.68588222906,50K,C,B4
c3,5empresa,50Kt,146105.70220515213,50K,C,B4
c3,5empresa,5K,10428.858026088888,5K,C,B1
c3,5empresa,5K,111621.54760534357,5K,C,B4
c3,5empresa,5K,10428.858026088888,5K,C,B5
c3,5empresa,5Ky,943082.8741750392,5K,C,B1
c3,5empresa,5Ky,23558.146245282052,5K,C,B4
c3,5empresa,5Ky,943082.8741750392,5K,C,B5
c4,1principal,100Kr,1066421.3511119692,100K,B,B1
c4,1principal,100Kr,34156.48733788376,100K,B,B2
c4,1principal,100Kr,904169.5621036956,100K,B,B3
c4,1principal,100Kr,36506.65252686153,100K,B,B4
c4,1principal,100Kr,1066421.3511119692,100K,B,B5
c4,1principal,100Kr,34156.48733788376,100K,B,B6
c4,1principal,100Kr,904169.5621036956,100K,B,B7
c4,1principal,10K,1737574.2945027382,10K,B,B1
c4,1principal,10K,1714999.1500432305,10K,B,B2
c4,1principal,10K,4519808.314377199,10K,B,B3
c4,1principal,10K,3986761.472452177,10K,B,B4
c4,1principal,10K,1737574.2945027382,10K,B,B5
c4,1principal,10K,1714999.1500432305,10K,B,B6
c4,1principal,10K,4519808.314377199,10K,B,B7
c4,1principal,10Kv,3841876.0483259177,10K,B,B1
c4,1principal,10Kv,2006894.186062711,10K,B,B2
c4,1principal,10Kv,16948566.52531737,10K,B,B3
c4,1principal,10Kv,7014678.145543624,10K,B,B4
c4,1principal,10Kv,3841876.0483259177,10K,B,B5
c4,1principal,10Kv,2006894.186062711,10K,B,B6
c4,1principal,10Kv,16948566.52531737,10K,B,B7
c4,1principal,1Knf,2359464.159893781,1K,B,B1
c4,1principal,1Knf,1717688.2813652342,1K,B,B2
c4,1principal,1Knf,9717289.020770362,1K,B,B3
c4,1principal,1Knf,13132033.84487067,1K,B,B4
c4,1principal,1Knf,2359464.159893781,1K,B,B5
c4,1principal,1Knf,1717688.2813652342,1K,B,B6
c4,1principal,1Knf,9717289.020770362,1K,B,B7
c4,1principal,20K,9834356.624246318,20K,B,B1
c4,1principal,20K,11759367.891441135,20K,B,B2
c4,1principal,20K,4480702.921497141,20K,B,B4
c4,1principal,20K,9834356.624246318,20K,B,B5
c4,1principal,20K,11759367.891441135,20K,B,B6
c4,1principal,20kt,3412518.9464934394,20K,B,B1
c4,1principal,20kt,8271033.51986096,20K,B,B2
c4,1principal,20kt,18078453.63540284,20K,B,B3
c4,1principal,20kt,27809719.35972496,20K,B,B4
c4,1principal,20kt,3412518.9464934394,20K,B,B5
c4,1principal,20kt,8271033.51986096,20K,B,B6
c4,1principal,20kt,18078453.63540284,20K,B,B7
c4,1principal,2Knf,3197.58052154188,2K,B,B1
c4,1principal,2Knf,2468486.9671459277,2K,B,B2
c4,1principal,2Knf,38327363.91492436,2K,B,B4
c4,1principal,2Knf,3197.58052154188,2K,B,B5
c4,1principal,2Knf,2468486.9671459277,2K,B,B6
c4,1principal,2Kz,3202359.9440175416,2K,B,B1
c4,1principal,2Kz,16078553.450551558,2K,B,B2
c4,1principal,2Kz,36608602.240804546,2K,B,B3
c4,1principal,2Kz,52806008.51646599,2K,B,B4
c4,1principal,2Kz,3202359.9440175416,2K,B,B5
c4,1principal,2Kz,16078553.450551558,2K,B,B6
c4,1principal,2Kz,36608602.240804546,2K,B,B7
c4,1principal,50Ks,5409040.768885566,50K,B,B1
c4,1principal,50Ks,2216917.6020853985,50K,B,B2
c4,1principal,50Ks,4745785.736394294,50K,B,B3
c4,1principal,50Ks,11153646.710595414,50K,B,B4
c4,1principal,50Ks,5409040.768885566,50K,B,B5
c4,1principal,50Ks,2216917.6020853985,50K,B,B6
c4,1principal,50Ks,4745785.736394294,50K,B,B7
c4,1principal,50Kt,7542832.576281976,50K,B,B1
c4,1principal,50Kt,979838.1018661197,50K,B,B2
c4,1principal,50Kt,33665336.71000071,50K,B,B4
c4,1principal,50Kt,7542832.576281976,50K,B,B5
c4,1principal,50Kt,979838.1018661197,50K,B,B6
c4,1principal,5K,54437.96096391795,5K,B,B1
c4,1principal,5K,13529403.842616627,5K,B,B2
c4,1principal,5K,6131264.609652198,5K,B,B4
c4,1principal,5K,54437.96096391795,5K,B,B5
c4,1principal,5K,13529403.842616627,5K,B,B6
c4,1principal,5Ky,1751584.894667798,5K,B,B1
c4,1principal,5Ky,10421445.966646727,5K,B,B2
c4,1principal,5Ky,16948566.52531737,5K,B,B3
c4,1principal,5Ky,5449874.889044054,5K,B,B4
c4,1principal,5Ky,1751584.894667798,5K,B,B5
c4,1principal,5Ky,10421445.966646727,5K,B,B6
c4,1principal,5Ky,16948566.52531737,5K,B,B7
c4,3empresa,100Kr,32721.530708075214,100K,C,B4
c4,3empresa,10K,69092.59678172649,10K,C,B4
c4,3empresa,10Kv,77171.2896188376,10K,C,B4
c4,3empresa,1Knf,2417.958415582906,1K,C,B4
c4,3empresa,20K,138908.32131390768,20K,C,B4
c4,3empresa,2Knf,1355.864532102564,2K,C,B4
c4,3empresa,2Kz,1842122.7487989466,2K,C,B1
c4,3empresa,2Kz,10406.260283887179,2K,C,B4
c4,3empresa,2Kz,1842122.7487989466,2K,C,B5
c4,3empresa,50Kt,267986.62477007176,50K,C,B4
c4,3empresa,5K,1212606.1454148274,5K,C,B1
c4,3empresa,5K,28721.730338372647,5K,C,B4
c4,3empresa,5K,1212606.1454148274,5K,C,B5
c4,3empresa,5Ky,479275.5143560547,5K,C,B1
c4,3empresa,5Ky,479275.5143560547,5K,C,B5
c4,5empresa,100Kr,350.26500412649574,100K,C,B4
c4,5empresa,10K,37670.43625024957,10K,C,B4
c4,5empresa,20K,6632.437336201709,20K,C,B4
c4,5empresa,2Kz,520007.9446746359,2K,C,B1
c4,5empresa,2Kz,520007.9446746359,2K,C,B5
c4,5empresa,50Kt,127971.01408828034,50K,C,B4
c4,5empresa,5K,103102.19879529915,5K,C,B4
c4,5empresa,5Ky,452214.7180695077,5K,C,B1
c4,5empresa,5Ky,6022.298296755555,5K,C,B4
c4,5empresa,5Ky,452214.7180695077,5K,C,B5
c5,2empresa,100Kr,5728.527648133332,100K,CF,B4
c5,2empresa,10K,6858.4147582188025,10K,CF,B4
c5,2empresa,10Kv,939196.0625163453,10K,CF,B1
c5,2empresa,10Kv,14948.406466430768,10K,CF,B4
c5,2empresa,10Kv,939196.0625163453,10K,CF,B5
c5,2empresa,1Knf,227367.18316249913,1K,CF,B1
c5,2empresa,1Knf,4112.789080711111,1K,CF,B4
c5,2empresa,1Knf,227367.18316249913,1K,CF,B5
c5,2empresa,20K,15942.707123305981,20K,CF,B4
c5,2empresa,20kt,704179.5436185674,20K,CF,B1
c5,2empresa,20kt,83871.52018164443,20K,CF,B4
c5,2empresa,20kt,704179.5436185674,20K,CF,B5
c5,2empresa,2Knf,7570.243637572649,2K,CF,B4
c5,2empresa,2Kz,8320748.552704721,2K,CF,B1
c5,2empresa,2Kz,10485.352381593162,2K,CF,B4
c5,2empresa,2Kz,8320748.552704721,2K,CF,B5
c5,2empresa,50Ks,379901.94302403764,50K,CF,B1
c5,2empresa,50Ks,113248.58504386667,50K,CF,B4
c5,2empresa,50Ks,379901.94302403764,50K,CF,B5
c5,2empresa,50Kt,151472.6659780581,50K,CF,B4
c5,2empresa,5K,1275902.4213218156,5K,CF,B1
c5,2empresa,5K,4338.766502728205,5K,CF,B4
c5,2empresa,5K,1275902.4213218156,5K,CF,B5
c5,2empresa,5Ky,71442.76197070428,5K,CF,B1
c5,2empresa,5Ky,8169.083805917949,5K,CF,B4
c5,2empresa,5Ky,71442.76197070428,5K,CF,B5
c5,3empresa,100Kr,7830.117672892307,100K,CF,B4
c5,3empresa,10K,238711.24974775725,10K,CF,B4
c5,3empresa,1Knf,346796.2506985333,1K,CF,B1
c5,3empresa,1Knf,8903.510427473504,1K,CF,B4
c5,3empresa,1Knf,346796.2506985333,1K,CF,B5
c5,3empresa,20K,252574.96458850597,20K,CF,B4
c5,3empresa,2Knf,11988.102238006835,2K,CF,B4
c5,3empresa,2Kz,839121.9611760752,2K,CF,B1
c5,3empresa,2Kz,10428.858026088888,2K,CF,B4
c5,3empresa,2Kz,839121.9611760752,2K,CF,B5
c5,3empresa,50Kt,278664.05796037946,50K,CF,B4
c5,3empresa,5K,394093.3251267111,5K,CF,B1
c5,3empresa,5K,5479.952483914529,5K,CF,B4
c5,3empresa,5K,394093.3251267111,5K,CF,B5
c5,5empresa,10K,2101.590024758974,10K,CF,B4
c5,5empresa,10Kv,238666.0542633538,10K,CF,B1
c5,5empresa,10Kv,238666.0542633538,10K,CF,B5
c5,5empresa,1Knf,723805.6827207521,1K,CF,B1
c5,5empresa,1Knf,2169.3832513641023,1K,CF,B4
c5,5empresa,1Knf,723805.6827207521,1K,CF,B5
c5,5empresa,20K,11151.98577654359,20K,CF,B4
c5,5empresa,20kt,416058.33054677263,20K,CF,B1
c5,5empresa,20kt,416058.33054677263,20K,CF,B5
c5,5empresa,2Knf,1242.875821094017,2K,CF,B1
c5,5empresa,2Knf,9016.49913848205,2K,CF,B4
c5,5empresa,2Knf,1242.875821094017,2K,CF,B5
c5,5empresa,2Kz,3276367.54972814,2K,CF,B1
c5,5empresa,2Kz,3276367.54972814,2K,CF,B5
c5,5empresa,50Ks,368241.5080479555,50K,CF,B1
c5,5empresa,50Ks,368241.5080479555,50K,CF,B5
c5,5empresa,50Kt,224079.2116721504,50K,CF,B4
c5,5empresa,5K,1559.2442119179484,5K,CF,B1
c5,5empresa,5K,10055.995279760682,5K,CF,B4
c5,5empresa,5K,1559.2442119179484,5K,CF,B5
c5,5empresa,5Ky,904169.5621036956,5K,CF,B1
c5,5empresa,5Ky,904169.5621036956,5K,CF,B5
c6,1principal,100Kr,1254.1746921948716,100K,B,B1
c6,1principal,100Kr,10428.858026088888,100K,B,B2
c6,1principal,100Kr,1051054.8864148068,100K,B,B3
c6,1principal,100Kr,96300.27839258462,100K,B,B4
c6,1principal,100Kr,1254.1746921948716,100K,B,B5
c6,1principal,100Kr,10428.858026088888,100K,B,B6
c6,1principal,100Kr,1051054.8864148068,100K,B,B7
c6,1principal,10K,8146.486063716239,10K,B,B1
c6,1principal,10K,9061299.16239694,10K,B,B2
c6,1principal,10K,5773983.006572071,10K,B,B3
c6,1principal,10K,11572563.655530704,10K,B,B4
c6,1principal,10K,8146.486063716239,10K,B,B5
c6,1principal,10K,9061299.16239694,10K,B,B6
c6,1principal,10K,5773983.006572071,10K,B,B7
c6,1principal,10Kv,91317.47623710768,10K,B,B1
c6,1principal,10Kv,448825.05673925125,10K,B,B2
c6,1principal,10Kv,21242137.543642156,10K,B,B3
c6,1principal,10Kv,4545795.717909166,10K,B,B4
c6,1principal,10Kv,91317.47623710768,10K,B,B5
c6,1principal,10Kv,448825.05673925125,10K,B,B6
c6,1principal,10Kv,21242137.543642156,10K,B,B7
c6,1principal,1Knf,11411.859811863247,1K,B,B1
c6,1principal,1Knf,212441.37443827008,1K,B,B2
c6,1principal,1Knf,12429018.08497549,1K,B,B3
c6,1principal,1Knf,7797610.820735148,1K,B,B4
c6,1principal,1Knf,11411.859811863247,1K,B,B5
c6,1principal,1Knf,212441.37443827008,1K,B,B6
c6,1principal,1Knf,12429018.08497549,1K,B,B7
c6,1principal,20K,54505.754190523076,20K,B,B1
c6,1principal,20K,13320939.670805858,20K,B,B2
c6,1principal,20K,3114228.7494308753,20K,B,B4
c6,1principal,20K,54505.754190523076,20K,B,B5
c6,1principal,20K,13320939.670805858,20K,B,B6
c6,1principal,20kt,1412.3588876068375,20K,B,B1
c6,1principal,20kt,1166280.773901323,20K,B,B2
c6,1principal,20kt,35603002.71282848,20K,B,B3
c6,1principal,20kt,9074383.255131729,20K,B,B4
c6,1principal,20kt,1412.3588876068375,20K,B,B5
c6,1principal,20kt,1166280.773901323,20K,B,B6
c6,1principal,20kt,35603002.71282848,20K,B,B7
c6,1principal,2Knf,646046.8518046701,2K,B,B1
c6,1principal,2Knf,1769109.4437452238,2K,B,B2
c6,1principal,2Knf,35706952.32695634,2K,B,B4
c6,1principal,2Knf,646046.8518046701,2K,B,B5
c6,1principal,2Knf,1769109.4437452238,2K,B,B6
c6,1principal,2Kz,1297449.368511145,2K,B,B1
c6,1principal,2Kz,2797860.358606944,2K,B,B2
c6,1principal,2Kz,22598002.07574472,2K,B,B3
c6,1principal,2Kz,39220901.239322156,2K,B,B4
c6,1principal,2Kz,1297449.368511145,2K,B,B5
c6,1principal,2Kz,2797860.358606944,2K,B,B6
c6,1principal,2Kz,22598002.07574472,2K,B,B7
c6,1principal,50Ks,1050.795012379487,50K,B,B1
c6,1principal,50Ks,288381.0871071145,50K,B,B2
c6,1principal,50Ks,25535708.56196694,50K,B,B3
c6,1principal,50Ks,655594.3978848923,50K,B,B4
c6,1principal,50Ks,1050.795012379487,50K,B,B5
c6,1principal,50Ks,288381.0871071145,50K,B,B6
c6,1principal,50Ks,25535708.56196694,50K,B,B7
c6,1principal,50Kt,7563362.625072228,50K,B,B1
c6,1principal,50Kt,7559509.710026838,50K,B,B2
c6,1principal,50Kt,19984573.19011703,50K,B,B4
c6,1principal,50Kt,7563362.625072228,50K,B,B5
c6,1principal,50Kt,7559509.710026838,50K,B,B6
c6,1principal,5K,4960.204413275213,5K,B,B1
c6,1principal,5K,2107420.2422470152,5K,B,B2
c6,1principal,5K,2282631.836407969,5K,B,B3
c6,1principal,5K,18756385.901454125,5K,B,B4
c6,1principal,5K,4960.204413275213,5K,B,B5
c6,1principal,5K,2107420.2422470152,5K,B,B6
c6,1principal,5K,2282631.836407969,5K,B,B7
c6,1principal,5Ky,2689.1313220034185,5K,B,B1
c6,1principal,5Ky,3893850.8553898493,5K,B,B2
c6,1principal,5Ky,13095651.479925917,5K,B,B3
c6,1principal,5Ky,8138836.72798096,5K,B,B4
c6,1principal,5Ky,2689.1313220034185,5K,B,B5
c6,1principal,5Ky,3893850.8553898493,5K,B,B6
c6,1principal,5Ky,13095651.479925917,5K,B,B7
c7,3empresa,10K,5231.377319695726,10K,CF,B4
c7,3empresa,10Kv,113248.58504386667,10K,CF,B1
c7,3empresa,10Kv,113248.58504386667,10K,CF,B5
c7,3empresa,1Knf,352784.6523819863,1K,CF,B1
c7,3empresa,1Knf,1389.7611454051282,1K,CF,B4
c7,3empresa,1Knf,352784.6523819863,1K,CF,B5
c7,3empresa,20K,10587.042221500853,20K,CF,B4
c7,3empresa,20kt,113248.58504386667,20K,CF,B1
c7,3empresa,20kt,113248.58504386667,20K,CF,B5
c7,3empresa,2Knf,5909.309585747008,2K,CF,B4
c7,3empresa,2Kz,378941.5389804649,2K,CF,B1
c7,3empresa,2Kz,378941.5389804649,2K,CF,B5
c7,3empresa,50Ks,113248.58504386667,50K,CF,B1
c7,3empresa,50Ks,113248.58504386667,50K,CF,B5
c7,3empresa,50Kt,14033.197907261538,50K,CF,B4
c7,3empresa,5K,82120.19516101197,5K,CF,B1
c7,3empresa,5K,82120.19516101197,5K,CF,B5
c7,3empresa,5Ky,113248.58504386667,5K,CF,B1
c7,3empresa,5Ky,113248.58504386667,5K,CF,B5
c8,1principal,100Kr,63409.264617996574,100K,B,B1
c8,1principal,100Kr,13818.519356345298,100K,B,B2
c8,1principal,100Kr,1672492.7969618153,100K,B,B3
c8,1principal,100Kr,32936.209258991454,100K,B,B4
c8,1principal,100Kr,63409.264617996574,100K,B,B5
c8,1principal,100Kr,13818.519356345298,100K,B,B6
c8,1principal,100Kr,1672492.7969618153,100K,B,B7
c8,1principal,10K,2101.590024758974,10K,B,B1
c8,1principal,10K,7688011.771056858,10K,B,B2
c8,1principal,10K,3435116.6886951486,10K,B,B3
c8,1principal,10K,14238656.579359477,10K,B,B4
c8,1principal,10K,2101.590024758974,10K,B,B5
c8,1principal,10K,7688011.771056858,10K,B,B6
c8,1principal,10K,3435116.6886951486,10K,B,B7
c8,1principal,10Kv,381031.83013412304,10K,B,B1
c8,1principal,10Kv,3027227.441954294,10K,B,B2
c8,1principal,10Kv,9163644.336828481,10K,B,B3
c8,1principal,10Kv,4701573.25377665,10K,B,B4
c8,1principal,10Kv,381031.83013412304,10K,B,B5
c8,1principal,10Kv,3027227.441954294,10K,B,B6
c8,1principal,10Kv,9163644.336828481,10K,B,B7
c8,1principal,1Knf,10733.927545811965,1K,B,B1
c8,1principal,1Knf,233016.6187129265,1K,B,B2
c8,1principal,1Knf,18406120.897327624,1K,B,B3
c8,1principal,1Knf,12659458.561077422,1K,B,B4
c8,1principal,1Knf,10733.927545811965,1K,B,B5
c8,1principal,1Knf,233016.6187129265,1K,B,B6
c8,1principal,1Knf,18406120.897327624,1K,B,B7
c8,1principal,20K,2374988.8087863554,20K,B,B1
c8,1principal,20K,12848206.202817202,20K,B,B2
c8,1principal,20K,4512882.106392376,20K,B,B4
c8,1principal,20K,2374988.8087863554,20K,B,B5
c8,1principal,20K,12848206.202817202,20K,B,B6
c8,1principal,20kt,200769.64059108717,20K,B,B1
c8,1principal,20kt,8202110.406145746,20K,B,B2
c8,1principal,20kt,17671694.27577207,20K,B,B3
c8,1principal,20kt,15227194.811973259,20K,B,B4
c8,1principal,20kt,200769.64059108717,20K,B,B5
c8,1principal,20kt,8202110.406145746,20K,B,B6
c8,1principal,20kt,17671694.27577207,20K,B,B7
c8,1principal,2Knf,1119458.2520593812,2K,B,B1
c8,1principal,2Knf,20615050.19754472,2K,B,B2
c8,1principal,2Knf,50972992.65777434,2K,B,B4
c8,1principal,2Knf,1119458.2520593812,2K,B,B5
c8,1principal,2Knf,20615050.19754472,2K,B,B6
c8,1principal,2Kz,2709412.795629453,2K,B,B1
c8,1principal,2Kz,15585922.670554293,2K,B,B2
c8,1principal,2Kz,24620500.002797715,2K,B,B3
c8,1principal,2Kz,123562985.50570388,2K,B,B4
c8,1principal,2Kz,2709412.795629453,2K,B,B5
c8,1principal,2Kz,15585922.670554293,2K,B,B6
c8,1principal,2Kz,24620500.002797715,2K,B,B7
c8,1principal,50Ks,11999.40110910769,50K,B,B1
c8,1principal,50Ks,2032926.7850790804,50K,B,B2
c8,1principal,50Ks,17637797.662469506,50K,B,B3
c8,1principal,50Ks,9170830.418848624,50K,B,B4
c8,1principal,50Ks,11999.40110910769,50K,B,B5
c8,1principal,50Ks,2032926.7850790804,50K,B,B6
c8,1principal,50Ks,17637797.662469506,50K,B,B7
c8,1principal,50Kt,1005576.9302338667,50K,B,B1
c8,1principal,50Kt,25325549.559491046,50K,B,B2
c8,1principal,50Kt,29736538.44629591,50K,B,B4
c8,1principal,50Kt,1005576.9302338667,50K,B,B5
c8,1principal,50Kt,25325549.559491046,50K,B,B6
c8,1principal,5K,47104.99361946325,5K,B,B1
c8,1principal,5K,3346985.494108482,5K,B,B2
c8,1principal,5K,1084951.4997173708,5K,B,B3
c8,1principal,5K,22813302.064571507,5K,B,B4
c8,1principal,5K,47104.99361946325,5K,B,B5
c8,1principal,5K,3346985.494108482,5K,B,B6
c8,1principal,5K,1084951.4997173708,5K,B,B7
c8,1principal,5Ky,2769974.7447300344,5K,B,B1
c8,1principal,5Ky,2541375.9846175415,5K,B,B2
c8,1principal,5Ky,10383922.415720789,5K,B,B3
c8,1principal,5Ky,16782473.120134804,5K,B,B4
c8,1principal,5Ky,2769974.7447300344,5K,B,B5
c8,1principal,5Ky,2541375.9846175415,5K,B,B6
c8,1principal,5Ky,10383922.415720789,5K,B,B7
c9,1principal,100Kr,1299.3701765982905,100K,B,B1
c9,1principal,100Kr,1389.7611454051282,100K,B,B2
c9,1principal,100Kr,22857.616237029062,100K,B,B3
c9,1principal,100Kr,1389.7611454051282,100K,B,B4
c9,1principal,100Kr,1299.3701765982905,100K,B,B5
c9,1principal,100Kr,1389.7611454051282,100K,B,B6
c9,1principal,100Kr,22857.616237029062,100K,B,B7
c9,1principal,10K,6191.781363268376,10K,B,B1
c9,1principal,10K,12688.632246259827,10K,B,B2
c9,1principal,10K,361823.74926267,10K,B,B3
c9,1principal,10K,31896.713117712818,10K,B,B4
c9,1principal,10K,6191.781363268376,10K,B,B5
c9,1principal,10K,12688.632246259827,10K,B,B6
c9,1principal,10K,361823.74926267,10K,B,B7
c9,1principal,10Kv,1129.88711008547,10K,B,B1
c9,1principal,10Kv,4779.422475661538,10K,B,B2
c9,1principal,10Kv,1480411.9882472854,10K,B,B3
c9,1principal,10Kv,4779.422475661538,10K,B,B4
c9,1principal,10Kv,1129.88711008547,10K,B,B5
c9,1principal,10Kv,4779.422475661538,10K,B,B6
c9,1principal,10Kv,1480411.9882472854,10K,B,B7
c9,1principal,1Knf,1197.680336690598,1K,B,B1
c9,1principal,1Knf,2519.648255490598,1K,B,B2
c9,1principal,1Knf,2113148.769895149,1K,B,B3
c9,1principal,1Knf,42065.69710848205,1K,B,B4
c9,1principal,1Knf,1197.680336690598,1K,B,B5
c9,1principal,1Knf,2519.648255490598,1K,B,B6
c9,1principal,1Knf,2113148.769895149,1K,B,B7
c9,1principal,20K,1118.5882389846154,20K,B,B1
c9,1principal,20K,7039.196695832478,20K,B,B2
c9,1principal,20K,31896.713117712818,20K,B,B4
c9,1principal,20K,1118.5882389846154,20K,B,B5
c9,1principal,20K,7039.196695832478,20K,B,B6
c9,1principal,20kt,5491.251355015384,20K,B,B1
c9,1principal,20kt,5909.309585747008,20K,B,B2
c9,1principal,20kt,1819378.1212729265,20K,B,B3
c9,1principal,20kt,13818.519356345298,20K,B,B4
c9,1principal,20kt,5491.251355015384,20K,B,B5
c9,1principal,20kt,5909.309585747008,20K,B,B6
c9,1principal,20kt,1819378.1212729265,20K,B,B7
c9,1principal,2Knf,587.5412972444443,2K,B,B1
c9,1principal,2Knf,31896.713117712818,2K,B,B4
c9,1principal,2Knf,587.5412972444443,2K,B,B5
c9,1principal,2Kz,7084.392180235896,2K,B,B1
c9,1principal,2Kz,1435216.5038438665,2K,B,B3
c9,1principal,2Kz,26247.277567285466,2K,B,B4
c9,1principal,2Kz,7084.392180235896,2K,B,B5
c9,1principal,2Kz,1435216.5038438665,2K,B,B7
c9,1principal,50Ks,1525.3475986153846,50K,B,B1
c9,1principal,50Ks,14948.406466430768,50K,B,B2
c9,1principal,50Ks,1017158.2731122427,50K,B,B3
c9,1principal,50Ks,95170.39128249914,50K,B,B4
c9,1principal,50Ks,1525.3475986153846,50K,B,B5
c9,1principal,50Ks,14948.406466430768,50K,B,B6
c9,1principal,50Ks,1017158.2731122427,50K,B,B7
c9,1principal,50Kt,711.8288793538461,50K,B,B1
c9,1principal,50Kt,5909.309585747008,50K,B,B2
c9,1principal,50Kt,65793.32642027692,50K,B,B4
c9,1principal,50Kt,711.8288793538461,50K,B,B5
c9,1principal,50Kt,5909.309585747008,50K,B,B6
c9,1principal,5K,915.2085591692307,5K,B,B1
c9,1principal,5K,3649.535365576068,5K,B,B2
c9,1principal,5K,7039.196695832478,5K,B,B4
c9,1principal,5K,915.2085591692307,5K,B,B5
c9,1principal,5K,3649.535365576068,5K,B,B6
c9,1principal,5Ky,8067.393966010255,5K,B,B1
c9,1principal,5Ky,2519.648255490598,5K,B,B2
c9,1principal,5Ky,1017158.2731122427,5K,B,B3
c9,1principal,5Ky,4779.422475661538,5K,B,B4
c9,1principal,5Ky,8067.393966010255,5K,B,B5
c9,1principal,5Ky,2519.648255490598,5K,B,B6
c9,1principal,5Ky,1017158.2731122427,5K,B,B7
